call_id,caller_number,receiver_number,timestamp_utc,duration_sec,call_type,cell_tower_id,cell_tower_sector,tower_latitude,tower_longitude
CDR-1001,+1-555-0144,+1-555-0121,2026-02-01T14:15:00+00:00,149,VOICE,TOWER-BAY-01,Marina Arts Sector,37.802,-122.422
CDR-1002,+1-555-0144,+1-555-0121,2026-02-04T16:02:00+00:00,283,VOICE,TOWER-BAY-01,Marina Arts Sector,37.802,-122.422
CDR-1003,+1-555-0144,+1-555-0133,2026-02-06T13:45:00+00:00,648,VOICE,TOWER-BAY-01,Marina Arts Sector,37.802,-122.422
CDR-1004,+1-555-0144,+1-555-0121,2026-02-07T10:48:00+00:00,393,VOICE,TOWER-BAY-02,Harbor Wharf Sector,37.806,-122.435
CDR-1005,+1-555-0144,+1-555-0133,2026-02-08T13:48:00+00:00,434,VOICE,TOWER-BAY-01,Marina Arts Sector,37.802,-122.422
CDR-1006,+1-555-0144,+1-555-0133,2026-02-09T15:38:00+00:00,792,VOICE,TOWER-BAY-02,Harbor Wharf Sector,37.806,-122.435
CDR-1007,+1-555-0144,+1-555-0133,2026-02-11T16:05:00+00:00,678,VOICE,TOWER-BAY-02,Harbor Wharf Sector,37.806,-122.435
CDR-1008,+1-555-0144,+1-555-0121,2026-02-13T13:45:00+00:00,278,VOICE,TOWER-BAY-01,Marina Arts Sector,37.802,-122.422
CDR-1009,+1-555-0144,+1-555-0133,2026-02-18T17:40:00+00:00,408,VOICE,TOWER-BAY-01,Marina Arts Sector,37.802,-122.422
CDR-1010,+1-555-0144,+1-555-0121,2026-02-19T14:44:00+00:00,220,VOICE,TOWER-BAY-02,Harbor Wharf Sector,37.806,-122.435
CDR-1011,+1-555-0144,+1-555-0133,2026-02-21T17:24:00+00:00,700,VOICE,TOWER-BAY-02,Harbor Wharf Sector,37.806,-122.435
CDR-1012,+1-555-0144,+1-555-0121,2026-02-23T15:53:00+00:00,77,VOICE,TOWER-BAY-01,Marina Arts Sector,37.802,-122.422
CDR-1013,+1-555-0144,+1-555-0133,2026-02-25T11:13:00+00:00,556,VOICE,TOWER-BAY-01,Marina Arts Sector,37.802,-122.422
CDR-1014,+1-555-0144,+1-555-0121,2026-02-26T20:29:00+00:00,297,VOICE,TOWER-BAY-01,Marina Arts Sector,37.802,-122.422
CDR-1018,+1-555-0188,+1-555-0144,2026-03-02T15:20:00+00:00,412,VOICE,TOWER-BAY-01,Marina Arts Sector,37.802,-122.422
CDR-1015,+1-555-0144,+1-555-0133,2026-03-02T19:25:00+00:00,186,VOICE,TOWER-BAY-01,Marina Arts Sector,37.802,-122.422
CDR-1016,+1-555-0144,+1-555-0121,2026-03-04T10:55:00+00:00,208,VOICE,TOWER-BAY-01,Marina Arts Sector,37.802,-122.422
CDR-1017,+1-555-0144,+1-555-0133,2026-03-06T11:24:00+00:00,524,VOICE,TOWER-BAY-01,Marina Arts Sector,37.802,-122.422
CDR-1019,+1-555-0199,+1-555-0188,2026-03-10T14:10:00+00:00,185,VOICE,TOWER-BAY-01,Marina Arts Sector,37.802,-122.422
CDR-1020,+1-555-0199,+1-555-0188,2026-03-12T11:45:00+00:00,310,VOICE,TOWER-SAUS-07,Shoreline Sausalito Sector,37.855,-122.48
CDR-1021,+1-555-0199,+1-555-0188,2026-03-13T19:30:00+00:00,95,VOICE,TOWER-SAUS-07,Shoreline Sausalito Sector,37.855,-122.48
CDR-1022,+1-555-0199,+1-555-0188,2026-03-14T16:50:00+00:00,240,VOICE,TOWER-SAUS-07,Shoreline Sausalito Sector,37.855,-122.48
CDR-1024,+1-555-0155,+1-555-0129,2026-03-14T19:10:00+00:00,340,VOICE,TOWER-SFO-12,Airport Gateway Sector,37.601,-122.382
CDR-1023,+1-555-0199,+1-555-0188,2026-03-14T21:45:00+00:00,0,SMS_ROUTING_PING,TOWER-PAC-09,Whispering Pines Ridge Sector,37.893,-122.573
