Source_ID,Target_ID,Relationship,Weight,Timestamp,Context
PERSON_MAYA_LIN,ACC_mayalin_art,OWNS,1.0,,
PERSON_MAYA_LIN,ACC_m_lin99,OWNS,1.0,,
PERSON_MAYA_LIN,ACC_pixel_maya,OWNS,1.0,,
PERSON_MAYA_LIN,ACC_m.shadow_7,OWNS,1.0,,
PERSON_MAYA_LIN,PHONE_15550144,OWNS,0.95,,
PERSON_MAYA_LIN,PHONE_15550199,OWNS,0.95,,
PERSON_CHLOE_SIMMONS,ACC_chloe_creative,OWNS,1.0,,
PERSON_CHLOE_SIMMONS,PHONE_15550121,OWNS,0.95,,
PERSON_DAVID_LIN,ACC_david_lin_tech,OWNS,1.0,,
PERSON_DAVID_LIN,PHONE_15550133,OWNS,0.95,,
PERSON_LUCAS_REED,ACC_lucas_r_sound,OWNS,1.0,,
PERSON_LUCAS_REED,PHONE_15550155,OWNS,0.95,,
PERSON_PROF_ALISTAIR_VANCE,ACC_prof_vance_art,OWNS,1.0,,
PERSON_KAELEN_VANCE,ACC_kaelen_v,OWNS,1.0,,
PERSON_KAELEN_VANCE,PHONE_15550188,OWNS,0.95,,
PERSON_ELENA_ROSTOVA,ACC_elena_prints,OWNS,1.0,,
PERSON_MARCUS_COLE,ACC_marcus_c_drift,OWNS,1.0,,
PERSON_SARA_CHEN,ACC_sara_chen_photo,OWNS,1.0,,
PERSON_TARIQ_MANSOOR,ACC_tariq_beans,OWNS,1.0,,
PERSON_JULIAN_GOMEZ,ACC_julian_g_sound,OWNS,1.0,,
PERSON_HANNAH_WARD,ACC_hannah_w_lens,OWNS,1.0,,
PERSON_DEREK_HAYES,ACC_derek_h_books,OWNS,1.0,,
PERSON_ZOE_PATEL,ACC_zoe_p_design,OWNS,1.0,,
PERSON_OFFICER_BRANDON_MILLER,ACC_bayview_campus_safety,OWNS,1.0,,
PERSON_LIAM_O'CONNOR,ACC_liam_drift_auto,OWNS,1.0,,
PERSON_LIAM_O'CONNOR,ACC_lrobinson_bay,OWNS,1.0,,
PERSON_MAYA_L_TRAVEL_ESCAPES,ACC_mayalin_travels,OWNS,1.0,,
PERSON_NOAH_RHODES,ACC_johnsonjoshua_bay,OWNS,1.0,,
PERSON_JONATHAN_JOHNSON,ACC_fjohnson_bay,OWNS,1.0,,
PERSON_JAMES_HOWARD,ACC_joshua35_bay,OWNS,1.0,,
PERSON_JAMIE_ARNOLD,ACC_blairamanda_bay,OWNS,1.0,,
ACC_mayalin_art,LOC_venue_01,CHECKED_IN_AT,0.9,2026-01-30T19:17:00+00:00,
ACC_mayalin_art,LOC_venue_01,CHECKED_IN_AT,0.9,2026-02-25T11:36:00+00:00,
ACC_mayalin_art,LOC_venue_04,CHECKED_IN_AT,0.9,2026-02-01T08:01:00+00:00,
ACC_mayalin_art,LOC_venue_04,CHECKED_IN_AT,0.9,2026-02-02T11:28:00+00:00,
ACC_mayalin_art,LOC_venue_03,CHECKED_IN_AT,0.9,2026-02-04T12:09:00+00:00,
ACC_mayalin_art,LOC_venue_03,CHECKED_IN_AT,0.9,2026-02-05T13:38:00+00:00,
ACC_mayalin_art,LOC_venue_03,CHECKED_IN_AT,0.9,2026-02-11T08:14:00+00:00,
ACC_mayalin_art,LOC_venue_03,CHECKED_IN_AT,0.9,2026-02-12T11:41:00+00:00,
ACC_mayalin_art,LOC_venue_02,CHECKED_IN_AT,0.9,2026-02-07T19:04:00+00:00,
ACC_mayalin_art,LOC_venue_02,CHECKED_IN_AT,0.9,2026-02-08T09:24:00+00:00,
ACC_mayalin_art,LOC_venue_02,CHECKED_IN_AT,0.9,2026-02-09T18:17:00+00:00,
ACC_mayalin_art,LOC_venue_02,CHECKED_IN_AT,0.9,2026-02-10T10:29:00+00:00,
ACC_mayalin_art,LOC_venue_02,CHECKED_IN_AT,0.9,2026-02-13T11:47:00+00:00,
ACC_mayalin_art,LOC_venue_02,CHECKED_IN_AT,0.9,2026-02-16T18:27:00+00:00,
ACC_mayalin_art,LOC_venue_02,CHECKED_IN_AT,0.9,2026-02-21T16:06:00+00:00,
ACC_mayalin_art,LOC_venue_02,CHECKED_IN_AT,0.9,2026-02-26T10:42:00+00:00,
ACC_mayalin_art,LOC_venue_02,CHECKED_IN_AT,0.9,2026-02-28T16:48:00+00:00,
ACC_mayalin_art,LOC_venue_06,CHECKED_IN_AT,0.9,2026-03-12T16:30:00+00:00,
ACC_mayalin_art,POST_POST-0001,POSTED,1.0,2026-01-30T20:17:00+00:00,
ACC_mayalin_art,POST_POST-0002,POSTED,1.0,2026-01-31T09:01:00+00:00,
ACC_mayalin_art,POST_POST-0003,POSTED,1.0,2026-02-01T19:44:00+00:00,
ACC_mayalin_art,POST_POST-0004,POSTED,1.0,2026-02-03T11:44:00+00:00,
ACC_mayalin_art,POST_POST-0006,POSTED,1.0,2026-02-06T10:35:00+00:00,
ACC_mayalin_art,POST_POST-0007,POSTED,1.0,2026-02-07T10:02:00+00:00,
ACC_mayalin_art,POST_POST-0008,POSTED,1.0,2026-02-09T19:53:00+00:00,
ACC_mayalin_art,POST_POST-0009,POSTED,1.0,2026-02-12T11:34:00+00:00,
ACC_mayalin_art,POST_POST-0010,POSTED,1.0,2026-02-14T12:43:00+00:00,
ACC_mayalin_art,POST_POST-0012,POSTED,1.0,2026-02-17T16:09:00+00:00,
ACC_mayalin_art,POST_POST-0013,POSTED,1.0,2026-02-18T15:57:00+00:00,
ACC_mayalin_art,POST_POST-0017,POSTED,1.0,2026-02-23T11:29:00+00:00,
ACC_mayalin_art,POST_POST-0024,POSTED,1.0,2026-03-10T11:30:00+00:00,
ACC_mayalin_art,POST_POST-0026,POSTED,1.0,2026-03-12T16:20:00+00:00,
ACC_mayalin_art,PHOTO_PH-001,APPEARS_IN,1.0,2026-02-03T17:00:00+00:00,
ACC_mayalin_art,PHOTO_PH-002,APPEARS_IN,1.0,2026-02-10T09:00:00+00:00,
ACC_mayalin_art,PHOTO_PH-004,APPEARS_IN,1.0,2026-02-18T18:00:00+00:00,
ACC_mayalin_art,PHOTO_PH-006,APPEARS_IN,1.0,2026-03-02T19:00:00+00:00,
ACC_mayalin_art,PHOTO_PH-008,APPEARS_IN,1.0,2026-03-12T16:00:00+00:00,
ACC_mayalin_art,ACC_chloe_creative,FOLLOWS,1.0,,mutual_social_circle
ACC_mayalin_art,ACC_chloe_creative,MENTIONS,0.6,,Post POST-0001 mention
ACC_mayalin_art,ACC_david_lin_tech,FOLLOWS,1.0,,mutual_social_circle
ACC_mayalin_art,ACC_david_lin_tech,MENTIONS,0.6,,Post POST-0004 mention
ACC_mayalin_art,ACC_prof_vance_art,FOLLOWS,1.0,,mutual_social_circle
ACC_mayalin_art,ACC_prof_vance_art,MENTIONS,0.6,,Post POST-0002 mention
ACC_mayalin_art,ACC_prof_vance_art,MENTIONS,0.6,,Post POST-0006 mention
ACC_mayalin_art,ACC_prof_vance_art,MENTIONS,0.6,,Post POST-0008 mention
ACC_mayalin_art,ACC_prof_vance_art,MENTIONS,0.6,,Post POST-0017 mention
ACC_mayalin_art,ACC_elena_prints,FOLLOWS,1.0,,mutual_social_circle
ACC_mayalin_art,ACC_elena_prints,MENTIONS,0.6,,Post POST-0010 mention
ACC_mayalin_art,ACC_elena_prints,MENTIONS,0.6,,Post POST-0013 mention
ACC_mayalin_art,ACC_sara_chen_photo,FOLLOWS,1.0,,mutual_social_circle
ACC_mayalin_art,ACC_sara_chen_photo,MENTIONS,0.6,,Post POST-0010 mention
ACC_mayalin_art,ACC_sara_chen_photo,MENTIONS,0.6,,Post POST-0013 mention
ACC_mayalin_art,ACC_tariq_beans,FOLLOWS,1.0,,mutual_social_circle
ACC_mayalin_art,ACC_hannah_w_lens,FOLLOWS,1.0,,mutual_social_circle
ACC_mayalin_art,ACC_zoe_p_design,FOLLOWS,1.0,,mutual_social_circle
ACC_mayalin_art,ACC_kaelen_v,MENTIONS,0.6,,Post POST-0024 mention
ACC_mayalin_art,ACC_m_lin99,SAME_AS,0.975,,"EXACT_PHONE_MATCH: Both accounts bound to phone '+1-555-0144' (w=0.95) | SPATIOTEMPORAL_COOCCURRENCE: Shared physical check-in venues: ['venue_02', 'venue_03', 'venue_04'] (w=0.50)"
ACC_mayalin_art,ACC_pixel_maya,SAME_AS,0.95,,EXACT_EMAIL_MATCH: Both accounts registered with 'maya.lin.lens@fictional-mail.org' (w=0.95)
ACC_mayalin_art,ACC_m.shadow_7,SAME_AS,0.925,,PERCEPTUAL_IMAGE_MATCH: Attached photos PH-001 and PH-007 have pHash Hamming dist 4 (w=0.85) | SPATIOTEMPORAL_COOCCURRENCE: Shared physical check-in venues: ['venue_06'] (w=0.50)
ACC_m_lin99,LOC_venue_04,CHECKED_IN_AT,0.9,2026-02-06T09:35:00+00:00,
ACC_m_lin99,LOC_venue_04,CHECKED_IN_AT,0.9,2026-02-24T08:07:00+00:00,
ACC_m_lin99,LOC_venue_02,CHECKED_IN_AT,0.9,2026-02-15T10:32:00+00:00,
ACC_m_lin99,LOC_venue_02,CHECKED_IN_AT,0.9,2026-02-22T13:48:00+00:00,
ACC_m_lin99,LOC_venue_03,CHECKED_IN_AT,0.9,2026-02-17T16:00:00+00:00,
ACC_m_lin99,LOC_venue_03,CHECKED_IN_AT,0.9,2026-02-20T14:10:00+00:00,
ACC_m_lin99,POST_POST-0005,POSTED,1.0,2026-02-04T10:22:00+00:00,
ACC_m_lin99,POST_POST-0011,POSTED,1.0,2026-02-16T12:58:00+00:00,
ACC_m_lin99,POST_POST-0014,POSTED,1.0,2026-02-19T21:03:00+00:00,
ACC_m_lin99,POST_POST-0015,POSTED,1.0,2026-02-20T15:38:00+00:00,
ACC_m_lin99,POST_POST-0016,POSTED,1.0,2026-02-22T10:43:00+00:00,
ACC_m_lin99,POST_POST-0018,POSTED,1.0,2026-02-26T19:19:00+00:00,
ACC_m_lin99,POST_POST-0019,POSTED,1.0,2026-02-27T17:49:00+00:00,
ACC_m_lin99,POST_POST-0022,POSTED,1.0,2026-03-03T22:45:00+00:00,
ACC_m_lin99,POST_POST-0025,POSTED,1.0,2026-03-11T15:00:00+00:00,
ACC_m_lin99,PHOTO_PH-005,APPEARS_IN,1.0,2026-02-24T12:00:00+00:00,
ACC_m_lin99,ACC_chloe_creative,FOLLOWS,0.9,,casual_social_circle
ACC_m_lin99,ACC_chloe_creative,MENTIONS,0.6,,Post POST-0011 mention
ACC_m_lin99,ACC_chloe_creative,MENTIONS,0.6,,Post POST-0014 mention
ACC_m_lin99,ACC_chloe_creative,MENTIONS,0.6,,Post POST-0018 mention
ACC_m_lin99,ACC_david_lin_tech,FOLLOWS,0.9,,casual_social_circle
ACC_m_lin99,ACC_elena_prints,FOLLOWS,0.9,,casual_social_circle
ACC_m_lin99,ACC_lucas_r_sound,FOLLOWS,0.9,,casual_social_circle
ACC_m_lin99,ACC_prof_vance_art,MENTIONS,0.6,,Post POST-0005 mention
ACC_m_lin99,ACC_prof_vance_art,MENTIONS,0.6,,Post POST-0015 mention
ACC_m_lin99,ACC_tariq_beans,MENTIONS,0.6,,Post POST-0019 mention
ACC_pixel_maya,PHOTO_PH-003,APPEARS_IN,1.0,2025-10-21T15:00:00+00:00,
ACC_pixel_maya,ACC_m.shadow_7,SAME_AS,0.85,,PERCEPTUAL_IMAGE_MATCH: Attached photos PH-003 and PH-009 have pHash Hamming dist 6 (w=0.85)
ACC_m.shadow_7,LOC_venue_06,CHECKED_IN_AT,0.9,2026-03-14T17:15:00+00:00,
ACC_m.shadow_7,LOC_venue_05,CHECKED_IN_AT,0.9,2026-03-14T21:05:00+00:00,
ACC_m.shadow_7,POST_POST-0023,POSTED,1.0,2026-03-06T22:05:00+00:00,
ACC_m.shadow_7,POST_POST-0027,POSTED,1.0,2026-03-14T21:10:00+00:00,
ACC_m.shadow_7,PHOTO_PH-007,APPEARS_IN,1.0,2026-03-06T22:00:00+00:00,
ACC_m.shadow_7,PHOTO_PH-009,APPEARS_IN,1.0,2026-03-14T21:00:00+00:00,
ACC_m.shadow_7,ACC_kaelen_v,FOLLOWS,0.85,,clandestine_contact
ACC_chloe_creative,POST_POST-0031,POSTED,1.0,2026-03-15T08:15:00+00:00,
ACC_chloe_creative,ACC_mayalin_art,FOLLOWS,1.0,,mutual_social_circle
ACC_chloe_creative,ACC_mayalin_art,COMMENTED,0.9,,Stunning composition Maya!
ACC_david_lin_tech,ACC_mayalin_art,FOLLOWS,1.0,,mutual_social_circle
ACC_david_lin_tech,ACC_mayalin_art,COMMENTED,0.95,,Mom said call her this weekend!
ACC_lucas_r_sound,LOC_venue_09,CHECKED_IN_AT,0.9,2026-03-14T18:50:00+00:00,
ACC_lucas_r_sound,POST_POST-0020,POSTED,1.0,2026-02-18T19:15:00+00:00,
ACC_lucas_r_sound,POST_POST-0028,POSTED,1.0,2026-03-14T18:00:00+00:00,
ACC_lucas_r_sound,ACC_mayalin_art,MENTIONS,0.6,,Post POST-0020 mention
ACC_lucas_r_sound,ACC_mayalin_art,COMMENTED,0.6,,Answer your DMs.
ACC_prof_vance_art,ACC_mayalin_art,FOLLOWS,1.0,,mutual_social_circle
ACC_prof_vance_art,ACC_mayalin_art,COMMENTED,0.75,,Bring this print to Tuesday critique.
ACC_kaelen_v,POST_POST-0021,POSTED,1.0,2026-03-01T14:10:00+00:00,
ACC_kaelen_v,ACC_m.shadow_7,FOLLOWS,0.85,,clandestine_contact
ACC_kaelen_v,ACC_mayalin_art,FOLLOWS,0.7,,solicitation
ACC_kaelen_v,ACC_mayalin_art,MENTIONS,0.6,,Post POST-0021 mention
ACC_elena_prints,ACC_mayalin_art,FOLLOWS,1.0,,mutual_social_circle
ACC_elena_prints,ACC_m_lin99,COMMENTED,0.8,,Saved a space in drying rack 2 for you.
ACC_marcus_c_drift,POST_POST-0030,POSTED,1.0,2026-03-14T20:30:00+00:00,
ACC_marcus_c_drift,ACC_liam_drift_auto,MENTIONS,0.6,,Post POST-0030 mention
ACC_sara_chen_photo,ACC_mayalin_art,FOLLOWS,1.0,,mutual_social_circle
ACC_tariq_beans,ACC_mayalin_art,FOLLOWS,1.0,,mutual_social_circle
ACC_hannah_w_lens,ACC_mayalin_art,FOLLOWS,1.0,,mutual_social_circle
ACC_zoe_p_design,ACC_mayalin_art,FOLLOWS,1.0,,mutual_social_circle
ACC_liam_drift_auto,ACC_lrobinson_bay,SAME_AS,0.95,,EXACT_PHONE_MATCH: Both accounts bound to phone '+1-555-0173' (w=0.95)
ACC_mayalin_travels,POST_POST-0029,POSTED,1.0,2026-03-14T14:00:00+00:00,
ACC_mayalin_travels,PHOTO_PH-010,APPEARS_IN,1.0,2024-06-15T12:00:00+00:00,
ACC_mayalin_travels,ACC_mayalin_art,FOLLOWS,0.2,,impersonator
PHONE_15550144,PHONE_15550121,CONTACTED,1.0,2026-02-01T14:15:00+00:00,
PHONE_15550144,PHONE_15550121,CONTACTED,1.0,2026-02-04T16:02:00+00:00,
PHONE_15550144,PHONE_15550121,CONTACTED,1.0,2026-02-07T10:48:00+00:00,
PHONE_15550144,PHONE_15550121,CONTACTED,1.0,2026-02-13T13:45:00+00:00,
PHONE_15550144,PHONE_15550121,CONTACTED,1.0,2026-02-19T14:44:00+00:00,
PHONE_15550144,PHONE_15550121,CONTACTED,1.0,2026-02-23T15:53:00+00:00,
PHONE_15550144,PHONE_15550121,CONTACTED,1.0,2026-02-26T20:29:00+00:00,
PHONE_15550144,PHONE_15550121,CONTACTED,1.0,2026-03-04T10:55:00+00:00,
PHONE_15550144,PHONE_15550133,CONTACTED,1.0,2026-02-06T13:45:00+00:00,
PHONE_15550144,PHONE_15550133,CONTACTED,1.0,2026-02-08T13:48:00+00:00,
PHONE_15550144,PHONE_15550133,CONTACTED,1.0,2026-02-09T15:38:00+00:00,
PHONE_15550144,PHONE_15550133,CONTACTED,1.0,2026-02-11T16:05:00+00:00,
PHONE_15550144,PHONE_15550133,CONTACTED,1.0,2026-02-18T17:40:00+00:00,
PHONE_15550144,PHONE_15550133,CONTACTED,1.0,2026-02-21T17:24:00+00:00,
PHONE_15550144,PHONE_15550133,CONTACTED,1.0,2026-02-25T11:13:00+00:00,
PHONE_15550144,PHONE_15550133,CONTACTED,1.0,2026-03-02T19:25:00+00:00,
PHONE_15550144,PHONE_15550133,CONTACTED,1.0,2026-03-06T11:24:00+00:00,
PHONE_15550199,PHONE_15550188,CONTACTED,1.0,2026-03-10T14:10:00+00:00,
PHONE_15550199,PHONE_15550188,CONTACTED,1.0,2026-03-12T11:45:00+00:00,
PHONE_15550199,PHONE_15550188,CONTACTED,1.0,2026-03-13T19:30:00+00:00,
PHONE_15550199,PHONE_15550188,CONTACTED,1.0,2026-03-14T16:50:00+00:00,
PHONE_15550199,PHONE_15550188,CONTACTED,1.0,2026-03-14T21:45:00+00:00,
PHONE_15550188,PHONE_15550144,CONTACTED,1.0,2026-03-02T15:20:00+00:00,
POST_POST-0001,ACC_chloe_creative,MENTIONS,1.0,,post_mention
POST_POST-0002,ACC_prof_vance_art,MENTIONS,1.0,,post_mention
POST_POST-0004,ACC_david_lin_tech,MENTIONS,1.0,,post_mention
POST_POST-0005,ACC_prof_vance_art,MENTIONS,1.0,,post_mention
POST_POST-0006,ACC_prof_vance_art,MENTIONS,1.0,,post_mention
POST_POST-0008,ACC_prof_vance_art,MENTIONS,1.0,,post_mention
POST_POST-0010,ACC_elena_prints,MENTIONS,1.0,,post_mention
POST_POST-0010,ACC_sara_chen_photo,MENTIONS,1.0,,post_mention
POST_POST-0011,ACC_chloe_creative,MENTIONS,1.0,,post_mention
POST_POST-0013,ACC_elena_prints,MENTIONS,1.0,,post_mention
POST_POST-0013,ACC_sara_chen_photo,MENTIONS,1.0,,post_mention
POST_POST-0020,ACC_mayalin_art,MENTIONS,1.0,,post_mention
POST_POST-0014,ACC_chloe_creative,MENTIONS,1.0,,post_mention
POST_POST-0015,ACC_prof_vance_art,MENTIONS,1.0,,post_mention
POST_POST-0017,ACC_prof_vance_art,MENTIONS,1.0,,post_mention
POST_POST-0018,ACC_chloe_creative,MENTIONS,1.0,,post_mention
POST_POST-0019,ACC_tariq_beans,MENTIONS,1.0,,post_mention
POST_POST-0021,ACC_mayalin_art,MENTIONS,1.0,,post_mention
POST_POST-0024,ACC_kaelen_v,MENTIONS,1.0,,post_mention
POST_POST-0030,ACC_liam_drift_auto,MENTIONS,1.0,,post_mention
PHOTO_PH-001,LOC_venue_03,TAKEN_AT,1.0,,
PHOTO_PH-002,LOC_venue_02,TAKEN_AT,1.0,,
PHOTO_PH-003,LOC_venue_01,TAKEN_AT,1.0,,
PHOTO_PH-004,LOC_venue_05,TAKEN_AT,1.0,,
PHOTO_PH-005,LOC_venue_01,TAKEN_AT,1.0,,
PHOTO_PH-006,LOC_venue_06,TAKEN_AT,1.0,,
PHOTO_PH-007,LOC_venue_05,TAKEN_AT,1.0,,
PHOTO_PH-008,LOC_venue_06,TAKEN_AT,1.0,,
PHOTO_PH-009,LOC_venue_05,TAKEN_AT,1.0,,
PHOTO_PH-010,LOC_venue_08,TAKEN_AT,1.0,,
