Entity_ID,Maltego_Type,Value,Original_Type,Properties
PERSON_MAYA_LIN,maltego.Person,Maya Lin,Person,"{""name"": ""Maya Lin"", ""is_target"": true, ""accounts"": [""m.shadow_7"", ""m_lin99"", ""mayalin_art"", ""pixel_maya""], ""phones"": [""+1-555-0144"", ""+1-555-0199""], ""emails"": [""maya.lin.lens@fictional-mail.org"", ""mlin_personal@fictional-mail.org"", ""shadow7_archive@proton-synth.org""]}"
PERSON_CHLOE_SIMMONS,maltego.Person,Chloe Simmons,Person,"{""name"": ""Chloe Simmons"", ""is_target"": false, ""accounts"": [""chloe_creative""], ""phones"": [""+1-555-0121""], ""emails"": [""chloe.simmons@fictional-domain.org""]}"
PERSON_DAVID_LIN,maltego.Person,David Lin,Person,"{""name"": ""David Lin"", ""is_target"": false, ""accounts"": [""david_lin_tech""], ""phones"": [""+1-555-0133""], ""emails"": [""david.lin@fictional-domain.org""]}"
PERSON_LUCAS_REED,maltego.Person,Lucas Reed,Person,"{""name"": ""Lucas Reed"", ""is_target"": false, ""accounts"": [""lucas_r_sound""], ""phones"": [""+1-555-0155""], ""emails"": [""lucas.reed@fictional-domain.org""]}"
PERSON_PROF_ALISTAIR_VANCE,maltego.Person,Prof. Alistair Vance,Person,"{""name"": ""Prof. Alistair Vance"", ""is_target"": false, ""accounts"": [""prof_vance_art""], ""phones"": [""+1-555-0162""], ""emails"": [""prof..alistair.vance@fictional-domain.org""]}"
PERSON_KAELEN_VANCE,maltego.Person,Kaelen Vance,Person,"{""name"": ""Kaelen Vance"", ""is_target"": false, ""accounts"": [""kaelen_v""], ""phones"": [""+1-555-0188""], ""emails"": [""kaelen.vance@fictional-domain.org""]}"
PERSON_ELENA_ROSTOVA,maltego.Person,Elena Rostova,Person,"{""name"": ""Elena Rostova"", ""is_target"": false, ""accounts"": [""elena_prints""], ""phones"": [""+1-555-0177""], ""emails"": [""elena.rostova@fictional-domain.org""]}"
PERSON_MARCUS_COLE,maltego.Person,Marcus Cole,Person,"{""name"": ""Marcus Cole"", ""is_target"": false, ""accounts"": [""marcus_c_drift""], ""phones"": [""+1-555-0112""], ""emails"": [""marcus.cole@fictional-domain.org""]}"
PERSON_SARA_CHEN,maltego.Person,Sara Chen,Person,"{""name"": ""Sara Chen"", ""is_target"": false, ""accounts"": [""sara_chen_photo""], ""phones"": [""+1-555-0191""], ""emails"": [""sara.chen@fictional-domain.org""]}"
PERSON_TARIQ_MANSOOR,maltego.Person,Tariq Mansoor,Person,"{""name"": ""Tariq Mansoor"", ""is_target"": false, ""accounts"": [""tariq_beans""], ""phones"": [""+1-555-0184""], ""emails"": [""tariq.mansoor@fictional-domain.org""]}"
PERSON_JULIAN_GOMEZ,maltego.Person,Julian Gomez,Person,"{""name"": ""Julian Gomez"", ""is_target"": false, ""accounts"": [""julian_g_sound""], ""phones"": [""+1-555-0129""], ""emails"": [""julian.gomez@fictional-domain.org""]}"
PERSON_HANNAH_WARD,maltego.Person,Hannah Ward,Person,"{""name"": ""Hannah Ward"", ""is_target"": false, ""accounts"": [""hannah_w_lens""], ""phones"": [""+1-555-0138""], ""emails"": [""hannah.ward@fictional-domain.org""]}"
PERSON_DEREK_HAYES,maltego.Person,Derek Hayes,Person,"{""name"": ""Derek Hayes"", ""is_target"": false, ""accounts"": [""derek_h_books""], ""phones"": [""+1-555-0149""], ""emails"": [""derek.hayes@fictional-domain.org""]}"
PERSON_ZOE_PATEL,maltego.Person,Zoe Patel,Person,"{""name"": ""Zoe Patel"", ""is_target"": false, ""accounts"": [""zoe_p_design""], ""phones"": [""+1-555-0167""], ""emails"": [""zoe.patel@fictional-domain.org""]}"
PERSON_OFFICER_BRANDON_MILLER,maltego.Person,Officer Brandon Miller,Person,"{""name"": ""Officer Brandon Miller"", ""is_target"": false, ""accounts"": [""bayview_campus_safety""], ""phones"": [""+1-555-0105""], ""emails"": [""officer.brandon.miller@fictional-domain.org""]}"
PERSON_LIAM_O'CONNOR,maltego.Person,Liam O'Connor,Person,"{""name"": ""Liam O'Connor"", ""is_target"": false, ""accounts"": [""liam_drift_auto"", ""lrobinson_bay""], ""phones"": [""+1-555-0173""], ""emails"": [""liam.o'connor@fictional-domain.org"", ""lrobinson@example-synthetic.org""]}"
PERSON_MAYA_L_TRAVEL_ESCAPES,maltego.Person,Maya L. Travel Escapes,Person,"{""name"": ""Maya L. Travel Escapes"", ""is_target"": false, ""accounts"": [""mayalin_travels""], ""phones"": [""+1-555-0100""], ""emails"": [""traveler_beach_fun99@temp-synth.net""]}"
PERSON_NOAH_RHODES,maltego.Person,Noah Rhodes,Person,"{""name"": ""Noah Rhodes"", ""is_target"": false, ""accounts"": [""johnsonjoshua_bay""], ""phones"": [""+1-555-0171""], ""emails"": [""johnsonjoshua@example-synthetic.org""]}"
PERSON_JONATHAN_JOHNSON,maltego.Person,Jonathan Johnson,Person,"{""name"": ""Jonathan Johnson"", ""is_target"": false, ""accounts"": [""fjohnson_bay""], ""phones"": [""+1-555-0172""], ""emails"": [""fjohnson@example-synthetic.org""]}"
PERSON_JAMES_HOWARD,maltego.Person,James Howard,Person,"{""name"": ""James Howard"", ""is_target"": false, ""accounts"": [""joshua35_bay""], ""phones"": [""+1-555-0174""], ""emails"": [""joshua35@example-synthetic.org""]}"
PERSON_JAMIE_ARNOLD,maltego.Person,Jamie Arnold,Person,"{""name"": ""Jamie Arnold"", ""is_target"": false, ""accounts"": [""blairamanda_bay""], ""phones"": [""+1-555-0175""], ""emails"": [""blairamanda@example-synthetic.org""]}"
ACC_mayalin_art,maltego.Alias,@mayalin_art,Account,"{""handle"": ""mayalin_art"", ""platform"": ""InstaPhoto"", ""email"": ""maya.lin.lens@fictional-mail.org"", ""phone"": ""+1-555-0144"", ""is_private"": false, ""followers"": 1420}"
ACC_m_lin99,maltego.Alias,@m_lin99,Account,"{""handle"": ""m_lin99"", ""platform"": ""ChirpNet"", ""email"": ""mlin_personal@fictional-mail.org"", ""phone"": ""+1-555-0144"", ""is_private"": false, ""followers"": 310}"
ACC_pixel_maya,maltego.Alias,@pixel_maya,Account,"{""handle"": ""pixel_maya"", ""platform"": ""PortfolioHub"", ""email"": ""maya.lin.lens@fictional-mail.org"", ""phone"": null, ""is_private"": false, ""followers"": 12}"
ACC_m.shadow_7,maltego.Alias,@m.shadow_7,Account,"{""handle"": ""m.shadow_7"", ""platform"": ""WhisperWire"", ""email"": ""shadow7_archive@proton-synth.org"", ""phone"": ""+1-555-0199"", ""is_private"": false, ""followers"": 12}"
ACC_chloe_creative,maltego.Alias,@chloe_creative,Account,"{""handle"": ""chloe_creative"", ""platform"": ""InstaPhoto"", ""email"": ""chloe.simmons@fictional-domain.org"", ""phone"": ""+1-555-0121"", ""is_private"": true, ""followers"": 1429}"
ACC_david_lin_tech,maltego.Alias,@david_lin_tech,Account,"{""handle"": ""david_lin_tech"", ""platform"": ""ChirpNet"", ""email"": ""david.lin@fictional-domain.org"", ""phone"": ""+1-555-0133"", ""is_private"": false, ""followers"": 171}"
ACC_lucas_r_sound,maltego.Alias,@lucas_r_sound,Account,"{""handle"": ""lucas_r_sound"", ""platform"": ""InstaPhoto"", ""email"": ""lucas.reed@fictional-domain.org"", ""phone"": ""+1-555-0155"", ""is_private"": false, ""followers"": 683}"
ACC_prof_vance_art,maltego.Alias,@prof_vance_art,Account,"{""handle"": ""prof_vance_art"", ""platform"": ""ChirpNet"", ""email"": ""prof..alistair.vance@fictional-domain.org"", ""phone"": ""+1-555-0162"", ""is_private"": false, ""followers"": 577}"
ACC_kaelen_v,maltego.Alias,@kaelen_v,Account,"{""handle"": ""kaelen_v"", ""platform"": ""InstaPhoto"", ""email"": ""kaelen.vance@fictional-domain.org"", ""phone"": ""+1-555-0188"", ""is_private"": true, ""followers"": 1628}"
ACC_elena_prints,maltego.Alias,@elena_prints,Account,"{""handle"": ""elena_prints"", ""platform"": ""ChirpNet"", ""email"": ""elena.rostova@fictional-domain.org"", ""phone"": ""+1-555-0177"", ""is_private"": false, ""followers"": 1505}"
ACC_marcus_c_drift,maltego.Alias,@marcus_c_drift,Account,"{""handle"": ""marcus_c_drift"", ""platform"": ""InstaPhoto"", ""email"": ""marcus.cole@fictional-domain.org"", ""phone"": ""+1-555-0112"", ""is_private"": false, ""followers"": 1236}"
ACC_sara_chen_photo,maltego.Alias,@sara_chen_photo,Account,"{""handle"": ""sara_chen_photo"", ""platform"": ""ChirpNet"", ""email"": ""sara.chen@fictional-domain.org"", ""phone"": ""+1-555-0191"", ""is_private"": false, ""followers"": 1329}"
ACC_tariq_beans,maltego.Alias,@tariq_beans,Account,"{""handle"": ""tariq_beans"", ""platform"": ""InstaPhoto"", ""email"": ""tariq.mansoor@fictional-domain.org"", ""phone"": ""+1-555-0184"", ""is_private"": true, ""followers"": 185}"
ACC_julian_g_sound,maltego.Alias,@julian_g_sound,Account,"{""handle"": ""julian_g_sound"", ""platform"": ""ChirpNet"", ""email"": ""julian.gomez@fictional-domain.org"", ""phone"": ""+1-555-0129"", ""is_private"": false, ""followers"": 311}"
ACC_hannah_w_lens,maltego.Alias,@hannah_w_lens,Account,"{""handle"": ""hannah_w_lens"", ""platform"": ""InstaPhoto"", ""email"": ""hannah.ward@fictional-domain.org"", ""phone"": ""+1-555-0138"", ""is_private"": false, ""followers"": 596}"
ACC_derek_h_books,maltego.Alias,@derek_h_books,Account,"{""handle"": ""derek_h_books"", ""platform"": ""ChirpNet"", ""email"": ""derek.hayes@fictional-domain.org"", ""phone"": ""+1-555-0149"", ""is_private"": false, ""followers"": 1352}"
ACC_zoe_p_design,maltego.Alias,@zoe_p_design,Account,"{""handle"": ""zoe_p_design"", ""platform"": ""InstaPhoto"", ""email"": ""zoe.patel@fictional-domain.org"", ""phone"": ""+1-555-0167"", ""is_private"": true, ""followers"": 1269}"
ACC_bayview_campus_safety,maltego.Alias,@bayview_campus_safety,Account,"{""handle"": ""bayview_campus_safety"", ""platform"": ""ChirpNet"", ""email"": ""officer.brandon.miller@fictional-domain.org"", ""phone"": ""+1-555-0105"", ""is_private"": false, ""followers"": 1586}"
ACC_liam_drift_auto,maltego.Alias,@liam_drift_auto,Account,"{""handle"": ""liam_drift_auto"", ""platform"": ""InstaPhoto"", ""email"": ""liam.o'connor@fictional-domain.org"", ""phone"": ""+1-555-0173"", ""is_private"": false, ""followers"": 1556}"
ACC_mayalin_travels,maltego.Alias,@mayalin_travels,Account,"{""handle"": ""mayalin_travels"", ""platform"": ""InstaPhoto"", ""email"": ""traveler_beach_fun99@temp-synth.net"", ""phone"": ""+1-555-0100"", ""is_private"": false, ""followers"": 48}"
ACC_johnsonjoshua_bay,maltego.Alias,@johnsonjoshua_bay,Account,"{""handle"": ""johnsonjoshua_bay"", ""platform"": ""ChirpNet"", ""email"": ""johnsonjoshua@example-synthetic.org"", ""phone"": ""+1-555-0171"", ""is_private"": false, ""followers"": 264}"
ACC_fjohnson_bay,maltego.Alias,@fjohnson_bay,Account,"{""handle"": ""fjohnson_bay"", ""platform"": ""ChirpNet"", ""email"": ""fjohnson@example-synthetic.org"", ""phone"": ""+1-555-0172"", ""is_private"": false, ""followers"": 279}"
ACC_lrobinson_bay,maltego.Alias,@lrobinson_bay,Account,"{""handle"": ""lrobinson_bay"", ""platform"": ""ChirpNet"", ""email"": ""lrobinson@example-synthetic.org"", ""phone"": ""+1-555-0173"", ""is_private"": false, ""followers"": 192}"
ACC_joshua35_bay,maltego.Alias,@joshua35_bay,Account,"{""handle"": ""joshua35_bay"", ""platform"": ""ChirpNet"", ""email"": ""joshua35@example-synthetic.org"", ""phone"": ""+1-555-0174"", ""is_private"": false, ""followers"": 53}"
ACC_blairamanda_bay,maltego.Alias,@blairamanda_bay,Account,"{""handle"": ""blairamanda_bay"", ""platform"": ""ChirpNet"", ""email"": ""blairamanda@example-synthetic.org"", ""phone"": ""+1-555-0175"", ""is_private"": false, ""followers"": 131}"
PHONE_15550144,maltego.PhoneNumber,+1-555-0144,Phone,"{""number"": ""+1-555-0144"", ""carrier"": ""Pacific Cellular Synthetic"", ""plan_type"": ""Postpaid Unlimited"", ""status"": ""Inactive - Ceased Traffic 2026-03-10""}"
PHONE_15550199,maltego.PhoneNumber,+1-555-0199,Phone,"{""number"": ""+1-555-0199"", ""carrier"": ""Metro Synthetic Prepaid"", ""plan_type"": ""Prepaid 30-Day SIM"", ""status"": ""Active until 2026-03-14T21:45:00Z (Handset Off)""}"
PHONE_15550188,maltego.PhoneNumber,+1-555-0188,Phone,"{""number"": ""+1-555-0188"", ""carrier"": ""Pacific Cellular Synthetic"", ""plan_type"": ""Business Fleet"", ""status"": ""Active""}"
PHONE_15550121,maltego.PhoneNumber,+1-555-0121,Phone,"{""number"": ""+1-555-0121"", ""carrier"": ""Pacific Cellular Synthetic"", ""plan_type"": ""Postpaid Family"", ""status"": ""Active""}"
PHONE_15550133,maltego.PhoneNumber,+1-555-0133,Phone,"{""number"": ""+1-555-0133"", ""carrier"": ""BayArea Telecom Synthetic"", ""plan_type"": ""Postpaid Individual"", ""status"": ""Active""}"
PHONE_15550155,maltego.PhoneNumber,+1-555-0155,Phone,"{""number"": ""+1-555-0155"", ""carrier"": ""Pacific Cellular Synthetic"", ""plan_type"": ""Postpaid Individual"", ""status"": ""Active""}"
LOC_venue_01,maltego.Location,Bayview Arts Institute - Fine Arts Hall,Location,"{""venue_id"": ""venue_01"", ""name"": ""Bayview Arts Institute - Fine Arts Hall"", ""category"": ""Academic / Workplace"", ""latitude"": 37.8012, ""longitude"": -122.4215, ""address"": ""400 Marina Blvd, Bayview Metro""}"
LOC_venue_02,maltego.Location,Harbor Light Cafe,Location,"{""venue_id"": ""venue_02"", ""name"": ""Harbor Light Cafe"", ""category"": ""Coffee Shop / Routine Workspace"", ""latitude"": 37.8055, ""longitude"": -122.4342, ""address"": ""1250 Beach St, Bayview Metro""}"
LOC_venue_03,maltego.Location,Redwood Ridge Scenic Park,Location,"{""venue_id"": ""venue_03"", ""name"": ""Redwood Ridge Scenic Park"", ""category"": ""Recreation / Photography Routine"", ""latitude"": 37.8715, ""longitude"": -122.4891, ""address"": ""Redwood Trailhead, Coastal Ridge""}"
LOC_venue_04,maltego.Location,Bayside Living Apartments (Maya's Residence),Location,"{""venue_id"": ""venue_04"", ""name"": ""Bayside Living Apartments (Maya's Residence)"", ""category"": ""Residence"", ""latitude"": 37.8081, ""longitude"": -122.4172, ""address"": ""880 Bay St, Apt 3B, Bayview Metro""}"
LOC_venue_05,maltego.Location,Whispering Pines Overlook,Location,"{""venue_id"": ""venue_05"", ""name"": ""Whispering Pines Overlook"", ""category"": ""Remote Vista / True Last Known Location"", ""latitude"": 37.8924, ""longitude"": -122.5719, ""address"": ""Mile Marker 14, Highway 1 Panoramic""}"
LOC_venue_06,maltego.Location,Pacific Horizon Diner,Location,"{""venue_id"": ""venue_06"", ""name"": ""Pacific Horizon Diner"", ""category"": ""Diner / Suspicious Meeting Spot"", ""latitude"": 37.854, ""longitude"": -122.4789, ""address"": ""700 Shoreline Hwy, Sausalito synthetic""}"
LOC_venue_07,maltego.Location,Metro Transit Central Hub,Location,"{""venue_id"": ""venue_07"", ""name"": ""Metro Transit Central Hub"", ""category"": ""Transportation"", ""latitude"": 37.7891, ""longitude"": -122.3995, ""address"": ""100 Transbay Plaza, Bayview Metro""}"
LOC_venue_08,maltego.Location,Silver Sands Motel,Location,"{""venue_id"": ""venue_08"", ""name"": ""Silver Sands Motel"", ""category"": ""Lodging / Red Herring Area"", ""latitude"": 37.741, ""longitude"": -122.502, ""address"": ""2200 Great Hwy, Bayview Metro""}"
LOC_venue_09,maltego.Location,SFO Airport Marriott Gateway,Location,"{""venue_id"": ""venue_09"", ""name"": ""SFO Airport Marriott Gateway"", ""category"": ""Hotel / Lucas Alibi Spot"", ""latitude"": 37.6001, ""longitude"": -122.3812, ""address"": ""1800 Old Bayshore Hwy, Burlingame synthetic""}"
LOC_venue_10,maltego.Location,Cloverdale Rest Stop,Location,"{""venue_id"": ""venue_10"", ""name"": ""Cloverdale Rest Stop"", ""category"": ""Highway Rest Stop"", ""latitude"": 37.915, ""longitude"": -122.6105, ""address"": ""Hwy 101 Northbound synthetic""}"
POST_POST-0001,maltego.Phrase,Post POST-0001,Post,"{""post_id"": ""POST-0001"", ""timestamp"": ""2026-01-30T20:17:00+00:00"", ""text"": ""Setting up the tripod at Bayview Arts Hall for lighting studies. #analogue #artschool"", ""deleted"": false, ""sentiment"": ""positive""}"
POST_POST-0002,maltego.Phrase,Post POST-0002,Post,"{""post_id"": ""POST-0002"", ""timestamp"": ""2026-01-31T09:01:00+00:00"", ""text"": ""Studio critique with Prof Vance went well! He suggested larger formats."", ""deleted"": false, ""sentiment"": ""positive""}"
POST_POST-0003,maltego.Phrase,Post POST-0003,Post,"{""post_id"": ""POST-0003"", ""timestamp"": ""2026-02-01T19:44:00+00:00"", ""text"": ""Golden hour ridge gradients. Pure serenity out here."", ""deleted"": false, ""sentiment"": ""positive""}"
POST_POST-0004,maltego.Phrase,Post POST-0004,Post,"{""post_id"": ""POST-0004"", ""timestamp"": ""2026-02-03T11:44:00+00:00"", ""text"": ""Dinner with @david_lin_tech in town. Reminding me to eat actual food."", ""deleted"": false, ""sentiment"": ""positive""}"
POST_POST-0005,maltego.Phrase,Post POST-0005,Post,"{""post_id"": ""POST-0005"", ""timestamp"": ""2026-02-04T10:22:00+00:00"", ""text"": ""Studio critique with Prof Vance went well! He suggested larger formats."", ""deleted"": false, ""sentiment"": ""positive""}"
POST_POST-0006,maltego.Phrase,Post POST-0006,Post,"{""post_id"": ""POST-0006"", ""timestamp"": ""2026-02-06T10:35:00+00:00"", ""text"": ""Studio critique with Prof Vance went well! He suggested larger formats."", ""deleted"": false, ""sentiment"": ""positive""}"
POST_POST-0007,maltego.Phrase,Post POST-0007,Post,"{""post_id"": ""POST-0007"", ""timestamp"": ""2026-02-07T10:02:00+00:00"", ""text"": ""Golden hour ridge gradients. Pure serenity out here."", ""deleted"": false, ""sentiment"": ""positive""}"
POST_POST-0008,maltego.Phrase,Post POST-0008,Post,"{""post_id"": ""POST-0008"", ""timestamp"": ""2026-02-09T19:53:00+00:00"", ""text"": ""Studio critique with Prof Vance went well! He suggested larger formats."", ""deleted"": false, ""sentiment"": ""positive""}"
POST_POST-0009,maltego.Phrase,Post POST-0009,Post,"{""post_id"": ""POST-0009"", ""timestamp"": ""2026-02-12T11:34:00+00:00"", ""text"": ""Golden hour ridge gradients. Pure serenity out here."", ""deleted"": false, ""sentiment"": ""positive""}"
POST_POST-0010,maltego.Phrase,Post POST-0010,Post,"{""post_id"": ""POST-0010"", ""timestamp"": ""2026-02-14T12:43:00+00:00"", ""text"": ""Why does the darkroom always smell like vinegar and existential dread? haha"", ""deleted"": false, ""sentiment"": ""positive""}"
POST_POST-0011,maltego.Phrase,Post POST-0011,Post,"{""post_id"": ""POST-0011"", ""timestamp"": ""2026-02-16T12:58:00+00:00"", ""text"": ""Setting up the tripod at Bayview Arts Hall for lighting studies. #analogue #artschool"", ""deleted"": false, ""sentiment"": ""positive""}"
POST_POST-0012,maltego.Phrase,Post POST-0012,Post,"{""post_id"": ""POST-0012"", ""timestamp"": ""2026-02-17T16:09:00+00:00"", ""text"": ""Golden hour ridge gradients. Pure serenity out here."", ""deleted"": false, ""sentiment"": ""positive""}"
POST_POST-0013,maltego.Phrase,Post POST-0013,Post,"{""post_id"": ""POST-0013"", ""timestamp"": ""2026-02-18T15:57:00+00:00"", ""text"": ""Why does the darkroom always smell like vinegar and existential dread? haha"", ""deleted"": false, ""sentiment"": ""positive""}"
POST_POST-0020,maltego.Phrase,Post POST-0020,Post,"{""post_id"": ""POST-0020"", ""timestamp"": ""2026-02-18T19:15:00+00:00"", ""text"": ""@mayalin_art Stop ignoring my calls. You still have my studio microphones and audio interface."", ""deleted"": false, ""sentiment"": ""angry""}"
POST_POST-0014,maltego.Phrase,Post POST-0014,Post,"{""post_id"": ""POST-0014"", ""timestamp"": ""2026-02-19T21:03:00+00:00"", ""text"": ""Setting up the tripod at Bayview Arts Hall for lighting studies. #analogue #artschool"", ""deleted"": false, ""sentiment"": ""positive""}"
POST_POST-0015,maltego.Phrase,Post POST-0015,Post,"{""post_id"": ""POST-0015"", ""timestamp"": ""2026-02-20T15:38:00+00:00"", ""text"": ""Studio critique with Prof Vance went well! He suggested larger formats."", ""deleted"": false, ""sentiment"": ""positive""}"
POST_POST-0016,maltego.Phrase,Post POST-0016,Post,"{""post_id"": ""POST-0016"", ""timestamp"": ""2026-02-22T10:43:00+00:00"", ""text"": ""Golden hour ridge gradients. Pure serenity out here."", ""deleted"": false, ""sentiment"": ""positive""}"
POST_POST-0017,maltego.Phrase,Post POST-0017,Post,"{""post_id"": ""POST-0017"", ""timestamp"": ""2026-02-23T11:29:00+00:00"", ""text"": ""Studio critique with Prof Vance went well! He suggested larger formats."", ""deleted"": false, ""sentiment"": ""positive""}"
POST_POST-0018,maltego.Phrase,Post POST-0018,Post,"{""post_id"": ""POST-0018"", ""timestamp"": ""2026-02-26T19:19:00+00:00"", ""text"": ""Setting up the tripod at Bayview Arts Hall for lighting studies. #analogue #artschool"", ""deleted"": false, ""sentiment"": ""positive""}"
POST_POST-0019,maltego.Phrase,Post POST-0019,Post,"{""post_id"": ""POST-0019"", ""timestamp"": ""2026-02-27T17:49:00+00:00"", ""text"": ""Late cold brew at Harbor Light Cafe. Editing coastal fog negatives all morning."", ""deleted"": false, ""sentiment"": ""positive""}"
POST_POST-0021,maltego.Phrase,Post POST-0021,Post,"{""post_id"": ""POST-0021"", ""timestamp"": ""2026-03-01T14:10:00+00:00"", ""text"": ""@mayalin_art Impressed by your architectural shadow work. We have a private coastal commission with high honorarium. DM or reach out on secure channel."", ""deleted"": false, ""sentiment"": ""neutral""}"
POST_POST-0022,maltego.Phrase,Post POST-0022,Post,"{""post_id"": ""POST-0022"", ""timestamp"": ""2026-03-03T22:45:00+00:00"", ""text"": ""feeling strangely watched lately. maybe just exhaustion from final portfolio reviews... or maybe not."", ""deleted"": false, ""sentiment"": ""fear""}"
POST_POST-0023,maltego.Phrase,Post POST-0023,Post,"{""post_id"": ""POST-0023"", ""timestamp"": ""2026-03-06T22:05:00+00:00"", ""text"": ""Location secured for preview shoot. Coastal fog coordinates verified. PGP key updated."", ""deleted"": false, ""sentiment"": ""cautious""}"
POST_POST-0024,maltego.Phrase,Post POST-0024,Post,"{""post_id"": ""POST-0024"", ""timestamp"": ""2026-03-10T11:30:00+00:00"", ""text"": ""Meeting with K at Pacific Horizon Diner on Friday to finalize the private gallery contract. Super nervous!!"", ""deleted"": true, ""sentiment"": ""anxious_excited""}"
POST_POST-0025,maltego.Phrase,Post POST-0025,Post,"{""post_id"": ""POST-0025"", ""timestamp"": ""2026-03-11T15:00:00+00:00"", ""text"": ""Switching to new phone line soon. Don't call the 0144 number after tomorrow morning."", ""deleted"": true, ""sentiment"": ""neutral""}"
POST_POST-0026,maltego.Phrase,Post POST-0026,Post,"{""post_id"": ""POST-0026"", ""timestamp"": ""2026-03-12T16:20:00+00:00"", ""text"": ""Awaiting appointment at the shoreline. Fog is coming in fast."", ""deleted"": true, ""sentiment"": ""tense""}"
POST_POST-0029,maltego.Phrase,Post POST-0029,Post,"{""post_id"": ""POST-0029"", ""timestamp"": ""2026-03-14T14:00:00+00:00"", ""text"": ""Escaped all the stress! Sunny beach freedom in Cabo! Best decision ever #mexico #escape #newlife"", ""deleted"": false, ""sentiment"": ""excited""}"
POST_POST-0028,maltego.Phrase,Post POST-0028,Post,"{""post_id"": ""POST-0028"", ""timestamp"": ""2026-03-14T18:00:00+00:00"", ""text"": ""Sitting at SFO airport gate 82 waiting for SEA-441. Leaving this toxic drama behind. Peace out Bayview."", ""deleted"": false, ""sentiment"": ""bitter""}"
POST_POST-0030,maltego.Phrase,Post POST-0030,Post,"{""post_id"": ""POST-0030"", ""timestamp"": ""2026-03-14T20:30:00+00:00"", ""text"": ""My civic died right past the scenic turnoff out of gas. Waiting for tow truck. Great start to Saturday."", ""deleted"": false, ""sentiment"": ""annoyed""}"
POST_POST-0027,maltego.Phrase,Post POST-0027,Post,"{""post_id"": ""POST-0027"", ""timestamp"": ""2026-03-14T21:10:00+00:00"", ""text"": ""Vehicle arrived. Headlights on the upper ridge. Meeting now."", ""deleted"": false, ""sentiment"": ""ominous""}"
POST_POST-0031,maltego.Phrase,Post POST-0031,Post,"{""post_id"": ""POST-0031"", ""timestamp"": ""2026-03-15T08:15:00+00:00"", ""text"": ""Has anyone seen @mayalin_art since yesterday evening?? Her car is gone and her phone goes straight to voicemail. Please message me if you know anything!!"", ""deleted"": false, ""sentiment"": ""panic""}"
PHOTO_PH-001,maltego.Image,PH-001,Photo,"{""photo_id"": ""PH-001"", ""filename"": ""PH-001.jpg"", ""phash"": ""c3c3e7343c1cbc34"", ""latitude"": 37.8715, ""longitude"": -122.4891, ""camera_model"": ""ILCE-7M4"", ""is_stripped"": false}"
PHOTO_PH-002,maltego.Image,PH-002,Photo,"{""photo_id"": ""PH-002"", ""filename"": ""PH-002.jpg"", ""phash"": ""d959a52666e6628d"", ""latitude"": 37.8055, ""longitude"": -122.4342, ""camera_model"": ""Pixel 7"", ""is_stripped"": false}"
PHOTO_PH-003,maltego.Image,PH-003,Photo,"{""photo_id"": ""PH-003"", ""filename"": ""PH-003.jpg"", ""phash"": ""ce4c853133fb3385"", ""latitude"": 37.8012, ""longitude"": -122.4215, ""camera_model"": ""ILCE-7M4"", ""is_stripped"": false}"
PHOTO_PH-004,maltego.Image,PH-004,Photo,"{""photo_id"": ""PH-004"", ""filename"": ""PH-004.jpg"", ""phash"": ""cb43a7343cb838a7"", ""latitude"": 37.8924, ""longitude"": -122.5719, ""camera_model"": ""ILCE-7M4"", ""is_stripped"": false}"
PHOTO_PH-005,maltego.Image,PH-005,Photo,"{""photo_id"": ""PH-005"", ""filename"": ""PH-005.jpg"", ""phash"": ""cc4c8c0573f333b3"", ""latitude"": null, ""longitude"": null, ""camera_model"": null, ""is_stripped"": true}"
PHOTO_PH-006,maltego.Image,PH-006,Photo,"{""photo_id"": ""PH-006"", ""filename"": ""PH-006.jpg"", ""phash"": ""9b1b93256cec64a5"", ""latitude"": 37.854, ""longitude"": -122.4789, ""camera_model"": ""ILCE-7M4"", ""is_stripped"": false}"
PHOTO_PH-007,maltego.Image,PH-007,Photo,"{""photo_id"": ""PH-007"", ""filename"": ""PH-007.jpg"", ""phash"": ""c3c3e7343c38bc25"", ""latitude"": 37.8924, ""longitude"": -122.5719, ""camera_model"": ""Moto G Play Synthetic"", ""is_stripped"": false}"
PHOTO_PH-008,maltego.Image,PH-008,Photo,"{""photo_id"": ""PH-008"", ""filename"": ""PH-008.jpg"", ""phash"": ""d919912666ee66a6"", ""latitude"": 37.854, ""longitude"": -122.4789, ""camera_model"": ""Pixel 7"", ""is_stripped"": false}"
PHOTO_PH-009,maltego.Image,PH-009,Photo,"{""photo_id"": ""PH-009"", ""filename"": ""PH-009.jpg"", ""phash"": ""ce4ea53131bb3386"", ""latitude"": 37.8924, ""longitude"": -122.5719, ""camera_model"": ""Moto G Play Synthetic"", ""is_stripped"": false}"
PHOTO_PH-010,maltego.Image,PH-010,Photo,"{""photo_id"": ""PH-010"", ""filename"": ""PH-010.jpg"", ""phash"": ""cecc84843b7bb331"", ""latitude"": 22.8905, ""longitude"": -109.9167, ""camera_model"": ""iPhone 8"", ""is_stripped"": false}"
