post_id,account,timestamp_raw,timestamp_utc_iso,text,hashtags,mentions,location_tag,likes,photo_id,deleted,sentiment_label
POST-0001,mayalin_art,2026-01-30 12:17:00 PST,2026-01-30T20:17:00+00:00,Setting up the tripod at Bayview Arts Hall for lighting studies. #analogue #artschool,#analogue;#artschool,@chloe_creative,Bayview Arts Institute - Fine Arts Hall,314,,False,positive
POST-0002,mayalin_art,2026-01-31 01:01:00 PST,2026-01-31T09:01:00+00:00,Studio critique with Prof Vance went well! He suggested larger formats.,#fineart;#mentorship,@prof_vance_art,Bayview Arts Institute - Fine Arts Hall,48,,False,positive
POST-0003,mayalin_art,2026-02-01 11:44:00 PST,2026-02-01T19:44:00+00:00,Golden hour ridge gradients. Pure serenity out here.,#coastal;#landscape,,Redwood Ridge Scenic Park,177,PH-001,False,positive
POST-0004,mayalin_art,"Tue, 03 Feb 2026 11:44:00 +0000",2026-02-03T11:44:00+00:00,Dinner with @david_lin_tech in town. Reminding me to eat actual food.,#family,@david_lin_tech,Harbor Light Cafe,207,,False,positive
POST-0005,m_lin99,1770200520,2026-02-04T10:22:00+00:00,Studio critique with Prof Vance went well! He suggested larger formats.,#fineart;#mentorship,@prof_vance_art,Bayview Arts Institute - Fine Arts Hall,57,,False,positive
POST-0006,mayalin_art,02/06/2026 02:35 AM,2026-02-06T10:35:00+00:00,Studio critique with Prof Vance went well! He suggested larger formats.,#fineart;#mentorship,@prof_vance_art,Bayview Arts Institute - Fine Arts Hall,220,,False,positive
POST-0007,mayalin_art,"Sat, 07 Feb 2026 10:02:00 +0000",2026-02-07T10:02:00+00:00,Golden hour ridge gradients. Pure serenity out here.,#coastal;#landscape,,,154,PH-001,False,positive
POST-0008,mayalin_art,"Mon, 09 Feb 2026 19:53:00 +0000",2026-02-09T19:53:00+00:00,Studio critique with Prof Vance went well! He suggested larger formats.,#fineart;#mentorship,@prof_vance_art,Bayview Arts Institute - Fine Arts Hall,171,,False,positive
POST-0009,mayalin_art,2026-02-12 03:34:00 PST,2026-02-12T11:34:00+00:00,Golden hour ridge gradients. Pure serenity out here.,#coastal;#landscape,,Redwood Ridge Scenic Park,173,PH-001,False,positive
POST-0010,mayalin_art,2026-02-14T12:43:00Z,2026-02-14T12:43:00+00:00,Why does the darkroom always smell like vinegar and existential dread? haha,#filmisnotdead,@elena_prints;@sara_chen_photo,,51,,False,positive
POST-0011,m_lin99,02/16/2026 04:58 AM,2026-02-16T12:58:00+00:00,Setting up the tripod at Bayview Arts Hall for lighting studies. #analogue #artschool,#analogue;#artschool,@chloe_creative,Bayview Arts Institute - Fine Arts Hall,290,,False,positive
POST-0012,mayalin_art,2026-02-17 08:09:00 PST,2026-02-17T16:09:00+00:00,Golden hour ridge gradients. Pure serenity out here.,#coastal;#landscape,,Redwood Ridge Scenic Park,310,PH-001,False,positive
POST-0013,mayalin_art,"Wed, 18 Feb 2026 15:57:00 +0000",2026-02-18T15:57:00+00:00,Why does the darkroom always smell like vinegar and existential dread? haha,#filmisnotdead,@elena_prints;@sara_chen_photo,,105,,False,positive
POST-0020,lucas_r_sound,2026-02-18 11:15:00 PST,2026-02-18T19:15:00+00:00,@mayalin_art Stop ignoring my calls. You still have my studio microphones and audio interface.,,@mayalin_art,Bayside Living Apartments,2,,False,angry
POST-0014,m_lin99,2026-02-19 13:03:00 PST,2026-02-19T21:03:00+00:00,Setting up the tripod at Bayview Arts Hall for lighting studies. #analogue #artschool,#analogue;#artschool,@chloe_creative,Bayview Arts Institute - Fine Arts Hall,251,,False,positive
POST-0015,m_lin99,1771601880,2026-02-20T15:38:00+00:00,Studio critique with Prof Vance went well! He suggested larger formats.,#fineart;#mentorship,@prof_vance_art,Bayview Arts Institute - Fine Arts Hall,318,,False,positive
POST-0016,m_lin99,"Sun, 22 Feb 2026 10:43:00 +0000",2026-02-22T10:43:00+00:00,Golden hour ridge gradients. Pure serenity out here.,#coastal;#landscape,,,209,PH-001,False,positive
POST-0017,mayalin_art,02/23/2026 03:29 AM,2026-02-23T11:29:00+00:00,Studio critique with Prof Vance went well! He suggested larger formats.,#fineart;#mentorship,@prof_vance_art,,169,,False,positive
POST-0018,m_lin99,1772133540,2026-02-26T19:19:00+00:00,Setting up the tripod at Bayview Arts Hall for lighting studies. #analogue #artschool,#analogue;#artschool,@chloe_creative,Bayview Arts Institute - Fine Arts Hall,113,,False,positive
POST-0019,m_lin99,2026-02-27T17:49:00Z,2026-02-27T17:49:00+00:00,Late cold brew at Harbor Light Cafe. Editing coastal fog negatives all morning.,#coffee;#photodump,@tariq_beans,Harbor Light Cafe,285,PH-002,False,positive
POST-0021,kaelen_v,2026-03-01T14:10:00Z,2026-03-01T14:10:00+00:00,@mayalin_art Impressed by your architectural shadow work. We have a private coastal commission with high honorarium. DM or reach out on secure channel.,#artcollector #commission,@mayalin_art,,5,,False,neutral
POST-0022,m_lin99,"Tue, 03 Mar 2026 22:45:00 +0000",2026-03-03T22:45:00+00:00,feeling strangely watched lately. maybe just exhaustion from final portfolio reviews... or maybe not.,#anxiety,,,18,,False,fear
POST-0023,m.shadow_7,2026-03-06T22:05:00Z,2026-03-06T22:05:00+00:00,Location secured for preview shoot. Coastal fog coordinates verified. PGP key updated.,#shadow #exclusive,,Whispering Pines Overlook,1,PH-007,False,cautious
POST-0024,mayalin_art,2026-03-10T11:30:00.000+00:00,2026-03-10T11:30:00+00:00,Meeting with K at Pacific Horizon Diner on Friday to finalize the private gallery contract. Super nervous!!,#opportunity #secretproject,@kaelen_v,Pacific Horizon Diner,42,,True,anxious_excited
POST-0025,m_lin99,2026-03-11 07:00:00 PST,2026-03-11T15:00:00+00:00,Switching to new phone line soon. Don't call the 0144 number after tomorrow morning.,,,,8,,True,neutral
POST-0026,mayalin_art,2026-03-12T16:20:00Z,2026-03-12T16:20:00+00:00,Awaiting appointment at the shoreline. Fog is coming in fast.,#coastal #fog,,Pacific Horizon Diner,25,PH-008,True,tense
POST-0029,mayalin_travels,2026-03-14T14:00:00Z,2026-03-14T14:00:00+00:00,Escaped all the stress! Sunny beach freedom in Cabo! Best decision ever #mexico #escape #newlife,#mexico #escape #newlife,,Silver Sands Motel,3,PH-010,False,excited
POST-0028,lucas_r_sound,2026-03-14 10:00:00 PST,2026-03-14T18:00:00+00:00,Sitting at SFO airport gate 82 waiting for SEA-441. Leaving this toxic drama behind. Peace out Bayview.,#travel #movingon,,SFO Airport Marriott Gateway,19,,False,bitter
POST-0030,marcus_c_drift,2026-03-14T20:30:00Z,2026-03-14T20:30:00+00:00,My civic died right past the scenic turnoff out of gas. Waiting for tow truck. Great start to Saturday.,#broken #strandeed,@liam_drift_auto,Silver Sands Motel,4,,False,annoyed
POST-0027,m.shadow_7,2026-03-14T21:10:00Z,2026-03-14T21:10:00+00:00,Vehicle arrived. Headlights on the upper ridge. Meeting now.,,,Whispering Pines Overlook,0,PH-009,False,ominous
POST-0031,chloe_creative,2026-03-15 00:15:00 PST,2026-03-15T08:15:00+00:00,Has anyone seen @mayalin_art since yesterday evening?? Her car is gone and her phone goes straight to voicemail. Please message me if you know anything!!,#emergency #bayview #findmaya,@mayalin_art @david_lin_tech,Bayside Living Apartments,184,,False,panic
