call_id,caller_number,receiver_number,call_type,timestamp_utc,duration_sec,cell_tower_id,cell_tower_sector,tower_latitude,tower_longitude
CDR-AN-001,+91-98801-0144,+91-98801-0222,Voice,2026-03-30 08:30:00,140,BLR-TWR-401,Koramangala 4th Block,12.9345,77.6258
CDR-AN-002,+91-98801-0144,+91-98801-0333,Voice,2026-04-01 10:15:00,210,BLR-TWR-102,Electronic City Phase 1,12.8399,77.677
CDR-AN-003,+91-98801-0144,+91-98801-0444,Voice,2026-04-03 14:20:00,380,BLR-TWR-102,Electronic City Phase 1,12.8399,77.677
CDR-AN-004,+91-98801-0144,+91-98801-0222,Voice,2026-04-05 19:10:00,65,BLR-TWR-401,Koramangala 4th Block,12.9345,77.6258
CDR-AN-005,+91-98801-0144,+91-98801-0777,Voice,2026-04-07 11:45:00,95,BLR-TWR-102,Electronic City Phase 1,12.8399,77.677
CDR-AN-006,+91-98801-0144,+91-98801-0900,Encrypted VoIP,2026-04-09 17:35:00,420,BLR-TWR-504,Indiranagar 100ft Road,12.9719,77.6412
CDR-AN-007,+91-98801-0144,+91-98801-0222,Voice,2026-04-10 18:15:00,195,BLR-TWR-401,Koramangala 4th Block,12.9345,77.6258
CDR-AN-008,+91-98801-0144,+91-98801-0333,Voice,2026-04-11 11:20:00,84,BLR-TWR-102,Electronic City Phase 1,12.8399,77.677
CDR-AN-009,+91-98801-0144,+91-98801-0444,Voice,2026-04-11 15:40:00,310,BLR-TWR-102,Electronic City Phase 1,12.8399,77.677
CDR-AN-010,+91-98801-0144,+91-98801-0900,Encrypted VoIP,2026-04-12 17:35:00,360,BLR-TWR-504,Indiranagar 100ft Road,12.9719,77.6412
CDR-AN-011,+91-98801-0144,+91-98801-0222,Voice,2026-04-12 19:15:00,45,BLR-TWR-504,Indiranagar 100ft Road,12.9719,77.6412
CDR-AN-012,+91-98801-0199,+91-98801-0900,Burner Handset Ping,2026-04-14 20:10:00,50,BLR-TWR-504,Indiranagar Metro Sector,12.9784,77.6385
CDR-AN-013,+91-98801-0199,+91-98801-0777,Burner Handset Ping,2026-04-15 11:30:00,24,BLR-TWR-615,Cubbon Park / High Court,12.9763,77.5929
CDR-AN-014,+91-98801-0199,+91-98801-0900,Burner Handset Ping,2026-04-15 16:45:00,65,BLR-TWR-712,Hebbal Flyover North,13.0358,77.597
CDR-AN-015,+91-98801-0199,+91-98801-0900,Burner Handset Ping,2026-04-16 18:20:00,30,BLR-TWR-780,Yelahanka Airbase Sector,13.1007,77.5963
CDR-AN-016,+91-98801-0199,+91-98801-0900,Burner Handset Ping,2026-04-16 19:40:00,48,BLR-TWR-810,Devanahalli Highway Corridor,13.2483,77.7126
CDR-AN-017,+91-98801-0199,+91-98801-0900,Burner Handset Ping,2026-04-16 20:50:00,32,BLR-TWR-8840,Nandi Foot Base Station,13.3412,77.689
CDR-AN-018,+91-98801-0199,+91-98801-0900,Burner Handset Ping,2026-04-16 21:15:00,19,BLR-TWR-8841,Nandi Hills Ridge Radar Sector,13.3702,77.6835
