post_id,account,platform,timestamp_raw,timestamp_utc_iso,text,hashtags,mentions,location_tag,likes,photo_id,deleted,sentiment_label
POST-AN-001,ananya_dev,ChirpNet,2026-03-28 10:15:00 UTC,2026-03-28T10:15:00Z,Pushed HyperMesh-K9 v0.4 release tag. Sub-4ms consensus round latency across 128 simulated UAV swarm nodes in Rust.,#rust #uav #distributed,@rohan_sys,Electronic City BIT Robotics Lab,142,IMG-AN-001,False,POSITIVE
POST-AN-002,vector_zero,ChirpNet,2026-03-30 17:10:00 UTC,2026-03-30T17:10:00Z,@ananya_dev Your K9 consensus model bypasses conventional telemetry jamming. CipherCore is deploying autonomous edge clusters in Karnataka. Check encrypted dispatch.,#stealth #defense #recruiting,@ananya_dev,Indiranagar,34,,False,NEUTRAL
POST-AN-003,kavya_drone_ai,ChirpNet,2026-04-02 11:20:00 UTC,2026-04-02T11:20:00Z,Advisory notice to Bengaluru aerospace labs: Several unregistered entities are soliciting student researchers for drone transponder telemetry under shell defense names.,#security #advisory,,Bengaluru Central,210,,False,WARNING
POST-AN-004,ananya.n,InstaPhoto,2026-04-05 16:45:00 UTC,2026-04-05T16:45:00Z,Brief respite from terminal logs in the bamboo groves before a high-stakes deployment week.,#cubbonpark #bengaluru,@priya_k,Cubbon Park Bamboo Grove,184,IMG-AN-004,False,POSITIVE
POST-AN-005,void_null07,ShadowNet,2026-04-09 23:15:00 UTC,2026-04-09T23:15:00Z,PGP key 0x9E4B2F81A07C validated. Secondary encrypted cellular uplink active. Terminal bridge configured.,#pgp #stealth,,Hebbal Lake Transit Hub,5,,False,COVERT
POST-AN-006,ananya_dev,ChirpNet,2026-04-12 16:15:00 UTC,2026-04-12T16:15:00Z,Meeting CipherCore vector team tonight at Indiranagar Roastery at 20:00 to execute the autonomous IP contract agreement.,#contract #ciphercore,@vector_zero,Indiranagar Roastery,22,IMG-AN-008,True,CRITICAL_DELETED
POST-AN-007,ananya_dev,ChirpNet,2026-04-12 19:40:00 UTC,2026-04-12T19:40:00Z,Contract terms dictate immediate repository wipe. Transitioning all local test NVMe drives into cold storage enclosures.,#stealth #wipe,,Indiranagar Roastery,11,,True,CRITICAL_DELETED
POST-AN-008,deepak_kernel,ChirpNet,2026-04-14 14:00:00 UTC,2026-04-14T14:00:00Z,Someone performed a raw JTAG flash dump on the FPGA drone telemetry board in Lab 4 yesterday evening. Serial barcodes scraped clean.,#hardware #breach,@rohan_sys;@prof_menon_sys,Electronic City BIT Robotics Lab,56,IMG-AN-010,False,ALARM
POST-AN-009,void_null07,ShadowNet,2026-04-16 19:10:00 UTC,2026-04-16T19:10:00Z,Uplink lock established. Transit initiated north toward Devanahalli gateway. Handset powering down upon radar approach.,#transit #stealth,,Devanahalli Logistics Corridor,2,IMG-AN-014,False,COVERT
